,m1,m2,m3,m4,m5,m6,m7,m8,m9,m10,m11,m12,m13,target
0,63.46507499539272,10.971989705035186,-7.727071888292009,-9.506673385845264,19.50562038955495,-36.87786754021326,32.01266338497424,-19.237705492799996,2.524112964514793,-0.19758625466007693,-11.964705516874044,18.995942782403084,-11.532749167293979,1.0
1,70.64061710386362,15.994416148043086,-13.609036148065242,-22.425651952049765,44.4864032934872,-50.261219789058174,42.896682780788396,-8.018278252658215,3.281696833699163,4.292082568038717,1.6011569997348907,-4.667162734444958,2.039693685625148,1.0
2,70.98871831425014,17.031851947663597,-12.512005286416827,-18.642841028650395,41.97837807014926,-46.98896528996469,43.1270420198379,-11.324939642185598,2.756576878542808,0.6086710924382771,-6.387604397058587,3.508396285656477,2.4740189029632513,1.0
3,62.92642371978219,23.499037526314638,-1.6430767540579536,-14.968614566673788,38.43372198499263,-46.13947945319478,34.67085548875516,-15.644175209792042,-3.56851980298492,-2.6832023418884536,4.5970077408459,-0.9425738356526076,6.2307245534514095,1.0
4,74.23178338168273,16.47630842014577,-6.298129648505346,-15.261713349332828,19.91574383854014,-37.40047217764967,26.36621072740986,-23.839444883433558,4.24205982700722,-2.0586784418530453,-4.569718294739836,4.6024894080970595,-9.26930951375003,1.0
5,78.98434321945528,12.014271499448977,-8.465782793152831,-9.218834311986143,28.369065991437168,-28.9194607967007,35.45093783529644,-18.393401519183733,6.877066055210604,-0.29165860271589017,-8.74877269061947,11.019747475234501,-8.33973176422579,1.0
6,53.70591308049665,16.101236784130517,-6.801050433858787,-8.755251077194963,25.453437471624135,-36.6308464704587,38.2636241519709,-9.271806560896305,2.3427378826314107,9.700025881414243,-13.399837023186937,16.136028559208864,-1.1509413155199606,1.0
7,72.46788208995508,16.346383484271865,-13.215599302292677,-27.072384822388205,33.16887714300364,-37.23301952490513,37.17481211436088,-28.222751397791097,-2.8956204452774745,0.19028110284858013,-3.6009136592105246,-4.401082780971534,-9.982024416466151,1.0
8,70.08097549033221,19.530295213971772,0.8028720071307037,-10.134588763124322,21.927207765706036,-36.26981459431592,26.79885621640197,-17.87014839794855,6.648417536713417,-7.250109308034587,-4.941405674434529,2.150805281787129,-6.232414999678541,1.0
9,76.60329037061722,18.754456648176873,-2.0026692004669973,-11.923717339468581,27.460870547459887,-40.47236799277885,31.209791887468917,-19.68229773747873,8.487831182788057,9.292597141874143,-9.511411434903703,13.546378886077255,-4.243612179536675,1.0
10,58.52467959831181,22.655448396240455,-5.437553340066251,-16.140723018856864,40.016805380332336,-49.23293801846677,31.430968676982452,-11.239469533557413,-3.202633479960572,2.537605678343355,2.741461456579141,-4.32008030301836,-0.27445831287766514,1.0
11,60.528703398278516,19.10051030464966,-2.542343820334138,-6.799633665116815,31.12737549339651,-32.93033886292401,33.819006376391165,-19.098335941382324,7.591866771458907,1.6995659749038576,-9.134320543569839,3.665694420639481,-6.242197117363689,1.0
12,52.146521834819495,18.61452901871975,13.561663763890671,-1.5194993989460013,16.618417440286336,-36.08193091058009,24.265657572316282,-25.01095117978914,4.317929389836972,-4.204374225913246,-8.810654260335498,4.143651145411517,-3.0587730306791583,1.0
13,70.01523779758313,16.406387129093172,-7.055374268775794,-7.004221648444138,29.66177821168289,-33.015556196114794,35.92244635341144,-9.027201891502285,6.107142306001233,-5.243228319606723,-3.431368858331271,12.52295906155682,-2.7760814845529596,1.0
14,72.81546806190728,21.637841459000853,-7.246270780877955,-12.946854090917839,25.885592501056152,-40.567578927965435,30.8227529227861,-11.329442871163748,4.8569724444185445,-6.906091595505098,-3.41413672724212,2.734028889203047,-6.016550995478288,1.0
15,69.90210589946308,10.290507865204315,-1.2261467235226655,-1.2984721872081368,16.149343981383154,-30.140889583639193,33.12699159522456,-12.946218449133884,3.661469110099096,1.1839015372957011,-13.715764724930535,16.482980866465816,-13.834459879328447,1.0
16,53.795052679497964,19.920953932411503,-1.3768527427235264,-17.083581060900553,19.408825865953652,-30.2400935726295,32.34003956774092,-15.989441241983547,6.687494836816961,6.152671056538756,-10.794027634130163,6.317315627320536,-4.848721229010159,1.0
17,72.79939147526777,16.03354749617347,-3.29811954271632,-9.234781049255243,29.606683175291977,-45.24782183299641,29.188749303603412,-14.724962327560604,12.865778327575276,0.184708794373192,-1.9374361688378636,9.900516990122307,-7.940943760411881,1.0
18,65.54697764490885,25.268609878474667,0.6544591194790117,-9.921167820762697,11.697326572135864,-33.05434610917857,27.970336020369217,-15.719622621931332,-3.3360623950984816,7.391351991406209,-9.207453695145546,14.088638183049019,0.29867421480806694,1.0
19,67.92036847147082,10.262020357906401,-5.579370995018263,-1.4698453371940212,30.012978819727564,-38.280701355923355,24.635884539004312,-15.569709771656102,17.084354163972247,5.016470909352264,-14.112822740626065,8.656280897298458,-5.547932142080531,1.0
20,61.76711426845998,8.277717176867862,-3.528191239362371,-1.3828373884648295,24.36758449851771,-24.319432398429218,29.43045107455527,-13.913623849370975,10.620480950315253,7.817880185767948,-4.017257242244568,18.618799935301137,-8.809756875888,1.0
21,79.57571991777186,8.939361985242725,-12.166895491369075,-6.5249491889222275,23.402111773928198,-32.16639639935722,33.2261521671126,-12.476328363766829,11.320519590053571,2.506115275243891,-17.491125925442393,16.643380420226325,-10.22272126174069,1.0
22,61.78802376475639,16.362027873038024,-11.94074181758646,-21.14160961457277,31.087684096635606,-33.598919691409236,30.988144862970493,-18.328954455930365,13.29442690471286,-5.586432842348641,-3.9887685086546196,4.5338965041838,-3.1047452903179904,1.0
23,57.24201966708319,15.813512214177123,-5.185943763925829,-22.639641332536502,37.803637815843565,-36.21112426397432,25.613051890444304,-19.29575339542595,20.069624193474557,-9.748733460599054,-2.3987215069955528,2.5480840982342254,-0.01909922078371936,1.0
24,55.36548640251121,23.601537233642254,7.600748357701665,-14.896086250011873,18.197265344925846,-28.35750195432841,38.362632168078136,-8.52959649547615,13.549328724608761,-10.137166738563518,1.7651659012293526,-2.688658756202324,3.781487470648313,1.0
25,77.62022257266905,11.641442703163607,-14.054609271931382,-15.431041862747144,29.75373882523044,-41.991357977212644,35.963090357574394,-19.639059338628286,6.145927539320202,4.197283808647655,-7.861700093166638,11.643364082780048,-7.811100778349988,1.0
26,60.8964963987885,20.58455781885509,-3.231751153063676,-17.47820515968431,32.902640754574065,-39.061484801218874,35.27948879280797,-19.260059463519436,8.441785735052365,-1.0596453834179522,0.5420749176899011,-0.2744525188339001,-0.04186711042894996,1.0
27,73.85088014252327,9.220156879377038,-10.663476428426005,-17.08764326908783,30.638412420141034,-42.67242855403855,33.411711110811616,-24.03943786263585,-2.17759523499202,13.942478456012399,-17.632502992020417,15.61438997552347,-8.814162002534765,1.0
28,58.80188398834961,9.135700752164688,0.638915785513973,-0.6839742521500354,25.237467117461524,-32.51909498836847,35.89400587638738,-15.941153479725246,5.670040912020825,11.818991024049275,-11.20483789163879,23.072355232324433,-10.337820655297644,1.0
29,79.76530205902787,8.19802320595594,-13.34713866652789,-15.838964399997785,29.314133990176977,-40.81354251015834,38.94105987295804,-18.92857904575949,0.5588351390058054,17.7320460035281,-20.598444724631218,17.385660661396333,-8.357898307985439,1.0
30,66.82990799713767,25.488882382245432,-7.973545714304195,-33.06453619472984,24.272040074445794,-30.04301528876782,23.252843281428877,-22.275923262598873,11.13553947108671,-6.537946871711457,2.2246707935368253,-7.780163766721794,1.7239608865244478,1.0
31,43.28769999134835,14.326653514535845,-6.388488832113961,-12.280038456410866,24.508277407243096,-27.811159289819813,28.715087985528633,-19.99270506928119,4.438263705219493,-2.5826204338654537,-7.5768042433969836,5.865958854385729,-5.026405354058362,1.0
32,65.62834131759102,10.699053223535802,-7.968966469399199,0.18584743027067654,34.68130184433481,-46.47114846934147,38.31697897284269,-13.72690350637655,-6.036890266833861,4.540462271821688,-1.3314077166489804,5.0475633548456855,-16.597299772946705,1.0
33,50.74348697734896,11.972672151809107,1.7943430382508314,0.13584742113036913,14.974266187485085,-25.242456082411273,29.30139614253414,-13.36193495796947,8.694526911385475,3.401121252882078,-8.289904525609815,17.57179533095895,-9.41952002143579,1.0
34,71.2123916865492,5.416705483355902,-1.8818817442501588,0.12552806429335583,10.073749965890812,-27.586521190837697,33.151020694583835,-12.833908489318421,10.882969439871163,10.62860479722719,-17.724369460540032,16.64115100421705,-14.296184332332212,1.0
35,80.12722124634823,12.31938804412199,-10.139024734220335,-13.776819571341042,30.690980604874497,-45.74558965711323,33.43874326055255,-15.906072297307057,1.0190096801562343,9.623848063939707,-7.723708589157013,13.669797748289263,-3.5166037986617953,1.0
36,69.63920176971111,19.285273376428183,-11.044075135088448,-19.009440991569935,27.3871521374856,-42.24503735601282,30.985443188668818,-20.618296400730788,0.7299951893965644,-0.749500985990706,-11.435318554494168,7.109281147530526,-4.673596087012177,1.0
37,55.736818096657004,15.45555677440265,-1.97088651167234,-17.412843689967634,31.05770861022406,-40.95861629310427,31.251092622778962,-19.94699432701619,6.942289835290334,3.458836957106791,-7.587614387593989,6.966811881356789,2.161183308127218,1.0
38,69.22403480433051,16.620938975222693,-1.6787042123862006,-5.442370051934156,24.43841169546086,-35.13766372230086,37.03893988261292,-9.519909883168465,10.886446348970757,-1.2448072319939762,-11.788717151142501,6.863706889346348,-7.746060292198588,1.0
39,30.603250207556652,7.710138568086732,-4.051779063024148,-0.34358429645872124,18.13207479277852,-17.719076114563183,25.4681462860027,-11.257451343528363,8.208282098396962,5.946415021153646,-12.491244261901388,15.71979628726159,-12.980026210137458,1.0
40,44.261837037096875,7.932684341185124,-13.745758864733235,-16.77437888851383,26.76951410359761,-35.279277685292676,35.6901491118096,-17.95324217807205,-1.0152869461802863,8.832715229932464,-11.428702671453339,12.56672450927059,-8.3827055154846,1.0
41,53.48689271583007,15.801936085344282,-9.13476345560213,-8.76050412501639,36.22639716912759,-26.375733104596776,40.77619035530692,-8.171177946727129,3.851224767937444,4.551820160635634,-5.581837847578323,11.641622311004765,1.0592692575477056,1.0
42,67.22161942792926,14.361550538858262,-3.718568238111226,-13.986491754849101,22.101901665066094,-40.49827390014612,30.829968638755897,-19.81836423141678,-1.172563453553218,3.5214425633050133,-12.71621187998288,9.205971012509679,-1.7588013115235013,1.0
43,55.449843949227834,30.03850538034288,13.017041015749601,-14.877006534610809,9.842233703816023,-30.5326502740016,29.792413553690857,-7.126664373852374,13.27908605703437,-12.579211193867657,1.3224343067444821,-9.875494206170531,2.333143906409275,1.0
44,60.724320695346776,14.12118949053191,-3.4180098918923743,-0.7675722845548452,28.275335214337805,-29.90819518437296,42.54267484899529,-9.528686215062468,12.428760218614956,15.218155421625333,-10.543499360017481,17.07466448446122,-3.3923218350051743,1.0
45,54.06378033191831,15.987214242018062,-5.1919130710424195,-17.89221068574157,26.00515087595864,-36.31206952348928,30.865247016517625,-21.738847430889376,11.395797028417102,-1.0596748829371676,-3.0664049884849027,0.9624448937301124,-6.3937333355354795,1.0
46,51.724234697315914,23.5347865481515,7.923945703430185,-18.38326317674453,22.433726656470785,-24.87697247388353,20.0036553423441,-19.547988399520374,17.367759961640196,-12.886164761191154,9.922296853280011,1.1577977827658512,2.197417491893805,1.0
47,52.6200216113411,16.923022822281386,-2.294093134301313,-15.646827369938048,23.45786210012731,-33.2787725639059,27.271349453942367,-18.26351116627594,8.06054843234008,2.8477316637466967,-5.561658105582961,6.731020148431648,-0.7938178679966689,1.0
48,74.8805706573874,12.599542131864572,-5.784033636143738,-3.9547957425467395,32.661589238819865,-33.1926469683478,35.79223216168237,-15.034756207524723,6.982510297202004,2.8519504998396705,-9.99610483539705,7.5411281416146565,-10.560632159130886,1.0
49,62.905644448327436,13.657426376646649,-6.562936519511316,-9.069181410300663,25.721788066953103,-31.828123477487356,45.706452789179345,-20.411215558456338,1.07496215986293,6.546467449754248,-12.799576753559393,8.85350153391173,-13.575040729729915,1.0
50,53.48372355150078,18.89923218908755,0.28816321417131013,-6.065678384122729,18.21183371676638,-40.11267132969388,42.798341272120275,-1.9903684117781826,-6.382920527067192,-3.500065078899665,-12.564475765994832,6.681613533310653,-9.517622694835495,1.0
51,79.5378628843825,8.474927199061169,-6.671201423831327,-3.55825363865629,23.697923682546534,-39.9363255189887,32.251248821907126,-14.533247850763951,5.876915448308065,1.5685196290310028,-16.639555962684188,13.852395104269117,-9.922442627796315,1.0
52,65.1877922830828,13.454401545551235,-8.49517648734756,-11.876691770805722,25.690144170029114,-31.356714245030897,30.14594949299054,-16.90573444514035,10.85657815010213,4.6353446671723875,-7.966977868281325,9.387960988593331,-12.59594529426637,1.0
53,53.097862167551334,29.02815042340147,7.602120185362143,-12.172421939071725,12.496167554048455,-29.226365870066605,27.60326716363591,-13.582186574044364,6.037010223279902,-0.32529418154475104,-2.3608589611913438,-6.102822836596268,5.1453240920403776,1.0
54,59.21247177682374,20.37125421884405,-0.7189612794765802,-16.412046089605056,35.23559492186592,-35.641601254175434,37.821765712003966,-14.955264473414951,14.864528417132139,-1.0196685283045284,-2.952440050410623,-1.638776703306352,-0.20761035883201967,1.0
55,67.6049686810011,19.99174291933484,-6.560398216547045,-21.644298590376387,34.94520814680633,-39.47391903247545,30.292134624274954,-13.890869897904654,6.192622828546217,-3.714646992941968,-4.735861249037932,-10.32532113926406,3.867867051602588,1.0
56,56.91363022746733,18.186729492091473,-3.258786498925053,-12.162125106037456,20.363186282918576,-24.68295065867796,27.81134710621685,-18.0211173392427,9.410637429191416,-1.1372118125407644,-11.24500715274678,7.60402545807174,-5.309654804552495,1.0
57,56.63287677228415,0.7425075303207945,-19.633190040317196,-26.6678038500877,24.20891107279233,-27.95041353851545,48.20414205699496,-15.203113292614619,13.201333625870902,18.757463785381397,-17.867332184294394,5.154583621682881,-14.949057107746576,1.0
58,61.16676754971076,14.627082464326996,-2.0199785649770696,-3.9003910172715877,18.48586050638064,-25.352984803863468,26.519234889586908,-10.185349168423883,12.679383259802947,1.7528987561293283,-8.754659883242473,13.894831171000448,-11.110681980043866,1.0
59,66.14632236298078,12.094165424219208,-5.1348386241454635,-10.084680980785452,23.276396221960315,-30.81414008198386,33.02548720342833,-13.253082836570478,11.008088281859509,3.2437826828985514,-6.050620301073736,12.236360896622873,-11.570426352443402,1.0
60,54.643670602359094,17.85387945776204,-4.478251608496241,-17.1711450496129,15.864967149351157,-32.539259330262844,32.03528395252734,-17.884963290171093,6.064005865516855,-3.9410917663985607,-7.35928982135146,1.133679329063695,-6.5524525294985905,1.0
61,55.272528888489944,17.05158732931493,-6.9501551146749945,-15.846570299049388,20.735201120167645,-26.916931164722815,39.32043677181298,-16.766746098251797,2.19300852237095,5.690757261017776,-12.626137348130392,8.208648481517658,-5.233290661100186,1.0
62,56.597467574422744,9.383089122904915,-16.727790819003783,-16.835242248583842,26.92309023263481,-39.4504091341284,28.91579864658654,-21.115436672368542,4.189914059180949,7.2463599706142645,-17.03619968306482,18.498698532198514,-4.365439724611578,1.0
63,72.99705416284792,13.840981936230135,-7.981601687556241,-10.00207659421574,29.386508842673663,-37.37937508128085,35.211485543243214,-11.974955208298255,8.656093985158005,0.7875317375931302,-10.116425024018678,10.739004955011858,-3.6354490221509326,1.0
64,64.6557619010409,15.279806399321943,-1.1998921459155376,-6.39956376262128,34.252578314352164,-31.87567182607693,46.37850694479491,-11.054738245265801,5.049426834710237,8.265418181636726,-3.831442537085109,10.513200930177955,-6.073384489889586,1.0
65,67.76843468866464,16.94862328467902,-11.414272310108151,-11.974041148729105,32.63839183173269,-38.27679939036592,35.380308223900954,-9.604882844045344,3.025485001543654,6.195112981890109,-11.174737438451553,11.807346392867318,-5.621463792960917,1.0
66,44.529670951102155,13.084116164210807,-8.275780916829097,-22.732838506264173,1.4805475708077938,-32.33386946661705,29.66608137692806,-3.3694688810497144,9.11638962516248,-1.0907190554695994,-10.579901257138108,6.534468281037163,-0.9596483297698774,1.0
67,60.75722024211412,16.583502918088275,-4.533962653116544,-7.440638625299988,29.38012325164117,-36.054208130352464,42.136553734654555,-17.136018141324087,0.9571340961037276,2.767023563344085,-8.521702120474819,10.62473892527274,-16.53535896259064,1.0
68,50.094352023667355,13.959977679484643,-10.933499338166955,-16.257119107371814,27.5547944246607,-37.572660507327605,34.02343836469631,-17.96444863907752,-2.974727752007751,2.64342881762237,-6.730527830440504,6.311903848963578,-4.970815216912756,1.0
69,76.13620467537035,15.957205720600635,-11.422267102082795,-9.906357308557922,27.951669793317695,-40.60015124925885,37.17204621333867,-10.869982970974716,6.157379075380534,4.758960225839103,-6.692115995755128,13.764582511226193,-3.8394516310708156,1.0
70,65.15528689567482,11.803802448602275,-19.603773595347846,-10.40580354944088,30.68128739722603,-49.28564971010556,24.836120173212638,-14.676768592569259,-2.9771820784349474,0.5354329983641042,-19.067701697396586,7.970343083315243,-15.936570135111799,1.0
71,75.55557150323632,19.748557434123796,-7.875460099730909,-9.638760663291679,29.165445934253405,-37.20875097973108,27.024941008039427,-20.264986816487433,4.600419578692798,2.543865627953422,-9.479368990108549,5.662018372604841,-7.835599717346221,1.0
72,63.58932307161871,27.372597431516123,-3.030167409338054,-19.12418303378268,32.090312229665656,-27.61394030995244,38.27583913779022,-10.504785826514624,10.751206303590529,0.48939196569819987,7.70592853317967,0.6694933237042122,8.474667590515182,1.0
73,58.29803850893276,18.677325507865852,3.394612058016955,-5.7084363981886534,26.666026732533584,-36.19619700447421,25.45513178837966,-12.691285379930624,6.750469515844211,-8.062338949405008,0.49668649446533214,-0.08515101195291051,-4.194740471316407,1.0
74,35.88917463979462,2.7964148583482022,-13.92526140856567,-16.353475391077644,10.259271379277715,-25.26808952854851,16.88262973034955,-16.90982830110327,-3.7090964794151633,0.59520817865576,-10.305138018304836,9.285977030156753,-7.453269805823979,1.0
75,81.04818965018465,12.091517005998861,-16.05363581526392,-15.727237040093234,44.071492123792076,-48.16281245880935,39.45945476805972,-11.446067005276085,4.234585753359277,1.4873084013035196,-5.68079539568262,-2.0881030914110696,-1.5754650081293924,1.0
76,68.8183779081322,17.37090598040629,-1.8240178815176917,-16.565808344699914,23.86021190929194,-33.831827851931706,34.40399430123111,-19.48202911907777,3.92287427965529,2.6040265751786666,-3.644950021630025,0.4471385281117502,-2.7381690054936434,1.0
77,71.92972326258867,17.3242919040723,-0.23264823803630022,-10.523762434363098,22.677564559166306,-35.96480633724185,31.82875357725301,-20.03237884727479,7.885623807853802,-2.534025988978388,-9.067443501807434,6.440121461533519,-5.949559550741183,1.0
78,52.10441191944913,24.670022028086365,3.0292044163477323,-11.26669874263486,25.916133640440957,-36.42767954802201,26.596290651094296,-19.162529457944554,-0.3948652161277731,-10.354670475278779,-3.0874145835981572,-10.652812446740723,2.263064126169109,1.0
79,78.4549548998929,11.258130050424933,-10.53828717676098,-17.264550183732183,17.584196248982252,-29.869713876220764,28.477131000845333,-19.696113190321796,9.526579023780725,-5.627635015383469,-12.231392239460323,13.27236742065006,-11.483199664875816,1.0
80,65.24167497409738,4.60092130226259,-11.401357664612743,2.1040308967616395,29.447986470061778,-41.00826489556905,32.92622156672551,-21.370891649163863,-0.31854472102011266,7.760530635883183,-18.542686121951714,18.84204971646289,-13.23309929721679,1.0
81,68.98401795510892,6.588001256222698,-9.364407786349384,-5.6475432901757765,20.640158342220797,-33.67140898934755,30.428905666790335,-20.597811848136264,-0.85758263374587,-1.7262035799323603,-12.921709750004599,14.526125804783256,-17.972064187185723,1.0
82,59.68500438700852,6.749399794254255,-11.417204820135904,-9.970579847678424,21.543789481836928,-35.42444351094359,34.90055989866489,-19.871083866339323,4.737897491639137,6.289186445950573,-14.917727975980004,15.092850710983983,-13.527561517160894,1.0
83,83.15341824080252,10.886986216575778,-14.386844412887225,-19.29974288903094,30.928454809213605,-41.34827805852098,37.647853877493965,-13.726363262330153,4.149068325047931,11.027009556249403,-22.805592403472236,10.059099585472081,-8.186854407144944,1.0
84,64.69298191083877,11.899671194956541,-20.217221433118432,-22.61118461665752,35.39691729825884,-42.50944639067472,28.745789203488126,-19.09210035603423,8.64311295347559,-1.7474277985387683,-2.558105211502489,3.317802330114698,-8.17445950401148,1.0
85,57.29956339300912,10.159462588856234,-8.62863783264507,-8.63427036890007,9.57453494156252,-18.393384154450708,27.513701899551872,-14.85046915315943,1.9537780863074925,-0.48941451142509906,-15.509440534059614,24.456708945460118,-6.907455214664906,1.0
86,70.79151460520586,9.18027333183805,-9.70570399701641,-2.1171535813707156,20.279217295485466,-36.29946966659722,32.29347002806081,-19.592074804335365,-4.170175474489896,1.3374925472559345,-16.002583020995253,21.998506372658053,-14.045618597649721,1.0
87,63.07505376524978,12.054088109098332,-4.573723069573697,-0.27902621926957943,27.14202091319811,-28.82188633606752,42.458783455018576,-12.832041082436383,3.749776122162533,5.1365573124397645,-14.296202970945865,14.377396766200576,-8.342721558152057,1.0
88,60.260562104904935,13.407212091205958,-3.792452673996504,-6.3538575260464265,21.785647794874684,-38.51127250602844,35.109876691575984,-17.303392875626407,1.174549126762523,1.9351121393154895,-10.766709235556462,6.728969130995336,-7.388410467865663,1.0
89,63.412144176248475,20.081407554586438,-2.5106842993777394,-7.556266341700664,32.142144191514795,-24.816955877197355,36.92586862579267,-22.106885734632343,8.23778874198255,0.998445135222697,-7.520877706560865,9.527477351124665,-5.7189614536523505,1.0
90,76.8120762730641,10.338823518227414,-10.95980197469044,-18.93334440131994,17.454810943089104,-36.61174959186832,29.117596179062094,-21.621907200076336,11.032007012798935,0.11331930975555271,-11.403901297573515,12.628899865329586,-9.743763484041189,1.0
91,67.12078036777682,19.86874020579432,-1.331828289062942,-9.689125328398493,21.422883351185252,-29.82566400292897,28.840230465385513,-14.544348737640423,10.2624459901975,-0.21777706804381672,-1.6621425968926393,3.8484554671930913,-8.826461636149531,1.0
92,73.88568966136718,12.905603581934566,-11.8906438167449,-15.16679167040297,27.59458175883704,-39.956374482908764,26.132903377428843,-16.85371038560202,8.539948798341008,-4.235203470300554,-5.846234322968297,11.019782519844146,-5.976905932938873,1.0
93,72.92195138951499,17.92826193327467,-6.900372932525011,-9.036609995779719,21.218691071332582,-37.36656215234995,31.964802065853117,-16.298447803458014,-3.144863409633714,10.477988671566663,-15.690966974977133,17.214729047442876,-7.23396785044957,1.0
94,81.37854892977828,8.311870548196802,-13.18871453529517,-9.576798626477094,26.706936270071957,-42.99129802348027,48.51600883547264,-14.567771199434686,-1.974022777402836,1.5403199059783932,-13.539370247535402,24.5516083985502,-15.744711334934582,1.0
95,56.24408170688092,16.603324609776536,2.5629474475437948,-0.9865471326910175,5.05332619397305,-29.30321504887773,24.747382549995308,-2.7770243615750467,12.859968158694716,11.815648213758267,-11.121159532019602,11.602009837785893,-14.772964287099903,1.0
96,64.56996394721067,18.00146720817801,-7.267500790063991,-7.290914261253556,33.431587759345035,-33.62401615331405,25.876753466227623,-9.278712822236018,17.904559619822166,2.0454883069758525,-23.1413942940707,7.491434113946777,4.620559059194561,1.0
97,64.42539389185764,4.512078471568431,-14.814202403236907,-9.711646106839533,30.585457184005865,-36.38101900840315,43.2672283616921,-23.433409209534652,-8.667360961021686,0.3594632157519965,-8.637523446052224,18.78463250023314,-8.677760460149466,1.0
98,74.80576365103498,18.37070397162118,-5.600914209954722,-8.655916300504252,19.121926881996252,-35.67268599957978,33.50296081767205,-8.590431773211293,8.303561383284702,-2.4954175472464417,-6.915216661798265,16.218262482066688,-8.811865010825473,2.0
99,58.03120223701702,11.864560777666435,-10.588796045935096,-10.897200904201457,42.62074136713399,-50.530599368589044,37.92621831724198,-13.226920235626054,-6.161089710509806,9.606912523893712,-1.9741405986753335,-1.3637019890404767,-2.119484411223263,2.0
100,47.87597478416111,6.889003273329578,-18.328681747976773,-11.956643819908159,29.519667936415594,-34.64402527418438,27.231632011615087,-20.098869849967027,-1.8113872477863093,10.394729763554977,-18.531176730565353,14.998306051130042,-7.462323840261427,2.0
101,65.50838108414507,18.42204337290461,-11.259218657604263,-12.207845993025815,26.57817598666808,-39.7803176958993,34.37264916580177,-16.478352070406675,-0.8049585254191872,7.675138247800835,-16.629442726414535,10.015816849143025,-1.4589352565012288,2.0
102,37.372668978699046,16.434874773713894,-6.800823072940158,-18.783939104216625,20.837926918566424,-36.98905511854361,29.40381060330602,-6.89748307409043,5.49313706072282,7.832502581887478,-13.663244145649465,7.917080611585856,-3.640137476948889,2.0
103,58.84044504592139,25.033926748054522,-6.341399462408262,-20.788224027725967,33.872440029605954,-50.47341819272841,30.180632368156957,-5.711304076746478,-5.38968027858073,-0.13141827072580192,6.419047475914811,-5.981364029570679,1.0352577541694559,2.0
104,50.29545115401208,-4.260534296075078,-8.115570943172305,-10.063673760612971,22.41911016154261,-17.36556359395298,31.605081874338595,-9.31726985526271,15.677521730006818,2.7252481708182894,-8.710762857727588,18.056321898361496,-9.92130824260232,2.0
105,69.60655203295964,20.241202468825445,-8.859873569535756,-23.430689469615135,29.80634114058524,-34.21048609252878,33.78105566723537,-18.078513028273534,12.179253596037368,-6.121413011102107,-10.207048003245157,2.0617160952943125,3.98961064704923,2.0
106,73.43055423203681,22.590439216633,-3.4704017660737567,-29.31738974844841,13.500753628600275,-32.28966119338632,22.00455956454069,-22.324322310498502,10.333014373279786,-7.850819562139885,-0.9103403576350039,2.5380444015194588,1.7312728367089587,2.0
107,72.89978838659285,23.245281864763097,-0.05086743445919218,-29.96730835205425,28.771815297862226,-33.79513886774442,24.98685962300832,-19.336642228046376,24.31755770632854,-1.1944733123662397,8.336863942651803,-0.350055867166477,7.196458900708831,2.0
108,69.81944613653033,7.858026166384338,-6.351030004979355,-6.518429160657324,22.780801677829512,-25.16120581981664,32.22919722565332,-19.48360412446586,2.5814026247326973,6.714594237707726,-14.170847273077158,21.907511025454617,-13.669124446649834,2.0
109,54.33490062758941,5.967548589368354,1.9361678794127728,-3.7721475187537115,13.88621679715071,-30.20352443066734,28.45628882580575,-21.53845036987798,2.495058856433868,-0.07933992056915466,-15.418199526196894,16.102763912460375,-15.171290183713909,2.0
110,80.79202220895115,20.910762247069837,-14.242054118501684,-32.28865162779104,20.825209456990557,-40.24395605939637,25.16679854340794,-28.23423530732136,2.553814988476616,-2.275271247881745,-1.9039850407863794,6.00758523645537,-0.7104078360010396,2.0
111,47.155512081115255,14.794908823190537,-4.85945895341128,-5.785086575000158,30.993441821121063,-21.25232128130128,39.626021438321295,-7.521355776690309,5.542821982859154,12.897026908223983,-9.565449520609402,9.890453704157439,-3.315929397199836,2.0
112,61.22976058895918,5.411248387290912,-9.029892890621461,0.3204743285514926,32.5025007983188,-32.027569462876684,37.00790050415167,-10.245690510312187,1.7758358511100705,12.232190496026776,-20.403136455245235,13.489226033546608,-12.324577678289574,2.0
113,71.17633955813052,16.169053704073736,-2.356930792885955,-15.092960945176362,23.4376163516935,-32.81994592969865,36.20098056287344,-12.35027989977463,15.564356330233517,-0.43766652128376626,-1.9989411263195516,9.926504312052929,-4.471307755327439,2.0
114,67.65895044603458,20.51402220553478,0.11579304138299115,-10.115197670132806,30.26201725202202,-34.590030576209756,33.364251022477106,-15.798879313952167,9.441201697104331,8.602010379400502,-14.02927088129094,8.5464209243437,-10.837837263680454,2.0
115,49.342921533161785,26.938703926643836,29.505856050772486,-12.495838220936923,11.122897184916429,-33.409555794023426,37.1956700148211,3.5922733335886354,27.29089489537096,-6.780251290314667,16.513189600552685,-16.784585302590287,13.64064215129601,2.0
116,53.08308917591276,12.810413734062097,-2.8947063940123425,-1.165034226768305,35.11207309835812,-37.22196112959897,31.476570248943936,-16.94672645449531,4.436959010881269,1.5409481947467545,-6.8017140745185465,4.393183382325357,-9.10868348673611,2.0
117,60.24486106673318,7.63098866876314,-8.50713851290063,-3.0124363200029216,19.883310040716914,-24.093402792321772,27.042208461971796,-17.034431346833927,5.927953939137767,6.233465433282927,-15.233119453571435,18.809835157155128,-16.47764753760636,2.0
118,75.13459728276976,8.884626890082837,-15.089520789568672,-21.734525591471805,18.43474926845273,-26.037399700178092,36.70780287480993,-18.016701491330842,9.00139666464557,1.7938742446037699,-5.357698084705811,14.702732546268669,-7.351168429862535,2.0
119,70.99818873154466,10.423974745840885,-13.306132137624449,-10.52344326919385,30.64950243288435,-46.122497087756784,39.89764984708866,-10.885721800699901,4.09658098525348,14.9076235372644,-18.496484662863597,12.407077490387724,-8.024165892652848,2.0
120,66.21269625404533,15.820807332876699,-5.259817299188386,-11.355253679712362,22.163334736356138,-19.744632971724148,20.27942655487975,-9.837722781539519,13.481264115401428,-0.21769570564595195,-7.485516933079124,18.57874536098668,-12.525781854074971,2.0
121,50.938043505839644,5.749859156577843,-12.96057979475942,-4.111973039676998,7.471545399997751,-35.38797263326304,35.069123319278205,-13.740957885469882,-10.222270012871524,24.438737369865045,-30.71359872200664,28.72388852689435,-15.382683739363316,2.0
122,58.20255263400952,18.911339702629586,-0.6180096771761867,-5.530896016522403,24.383381647365585,-32.735726000998696,32.5487606692903,-19.809597057762613,-11.371703335722293,8.7540938626597,-8.018382378162388,12.904121183513402,-9.611802476050645,2.0
123,66.75914117591871,16.434356385183758,-12.32487911901195,-18.957112002707436,31.493125430384598,-49.14207172595585,38.69545299182551,-18.294948000102565,-1.8861117270400374,7.181000490666118,-13.172629271588324,4.7777302938137955,3.398522513811016,2.0
124,59.85220936952063,23.347852868562143,-9.751115666464727,-17.325214180319026,42.0509999590897,-41.34255297229521,35.54781717554405,-10.529019156817446,-1.8410300994197906,-0.010922862564848384,3.092982885137898,-7.179863215619771,2.7986586284476305,2.0
125,54.242961934990085,20.300829084258904,-2.1940881196025406,-7.513209919998674,34.39666393935409,-29.22403651797611,36.212562944754026,-6.522533010394472,12.69280601977648,6.744731866319062,4.873276482309878,6.77254695933891,-0.5942377895168222,2.0
126,51.258103373911965,10.66666208034812,-1.6919798050626098,1.3454437040045921,29.793371684263317,-37.97559334077887,37.52773855383949,-14.824675278414757,-9.225622995379645,12.345499735348174,-12.49058381085524,12.001166253830444,-12.244702329532513,2.0
127,64.59074309457479,15.564671420282359,-11.753208073412992,-7.058523776006599,32.94338898823665,-32.26550952940333,42.35651420863002,-10.692278423327549,-4.038279993145945,13.583375920573312,-5.955480138781141,15.518270205354499,-6.58608323583588,2.0
128,61.48757332518278,13.184377308244132,1.8058282154390646,3.6249258953266197,26.982480201582906,-32.70486715771536,33.498280624721126,-14.794612703685402,2.2219130314845956,-0.731288668737643,-6.161235113535002,11.637114790076538,-12.524089071978205,2.0
129,68.86372799124374,21.092938894889212,-3.5977543785525485,-6.145848611158069,8.696889629177628,-43.21280803234687,27.82533239688631,-14.606396481722266,-6.863357030893182,10.206708569250743,-21.836396156930068,17.81624185948771,-4.398447180882291,2.0
130,84.59655915061329,16.061596178455538,-10.575827241447186,-20.7077838854251,21.659929150907043,-50.93643781751334,30.380273365611547,-23.89700596506378,6.44657233413742,-1.5712626432255337,-11.158244955949657,7.316436219185717,-2.9212743916306283,2.0
131,71.39057538548512,4.659417406478617,-7.236836759471814,0.5590367084334469,17.595008839152168,-30.58524814387406,45.63588048470599,-3.290988497204625,11.100876103604746,8.239473890585408,-27.109716827012427,19.027033301134733,-18.254073167834136,2.0
132,52.637768329094506,25.849013060521383,7.981220951546488,1.7548441867014553,13.071277777892984,-25.287915353346833,15.589680350282851,-13.973072783345618,0.1280750989591556,6.452025223240163,-3.291003136637825,11.22205356047934,5.676168638525043,2.0
133,59.57146511357129,22.97343861024178,-5.6669409621918065,-10.198996374672285,23.018643825146114,-24.878039108264005,34.629785247887845,-13.04049005252062,1.990133504579911,5.684034601129272,-13.977841746301332,7.6854969551721535,-7.124867605699458,2.0
134,61.53781909178173,20.04736201177818,-7.009764285997881,-6.441554394828703,19.879969945951398,-30.934359336488647,32.27350521622245,-15.456821919128995,-9.02097414239719,7.962819526921414,-16.89689903338326,13.331278422735467,-9.754243537707309,2.0
135,69.0438675446407,17.77424554732396,1.9705167079799875,-17.021488495941288,18.211344127867363,-41.27846089787637,26.324890201396357,-27.542015759967125,5.668977311602199,-2.8300910526412943,-6.956153308220085,3.9762097013706796,-5.683456183282694,2.0
136,35.94345140598546,18.813906977811545,17.51199575943135,5.544751285667388,35.266690728718075,-13.680779869242198,22.159765432479315,-16.789271274092176,12.817328293180097,-14.923336330890297,1.0207427010776722,-11.637744665316385,4.838904662227025,2.0
137,78.31130053227028,19.73332424418473,-13.136564331016816,-44.4967194144748,39.43354021126052,-37.45095006871823,35.29624419617437,-20.268769150053057,7.649925266394347,-18.01768175129161,14.685598248838637,-6.450014381819701,4.1662291131082405,2.0
138,58.66342632003351,4.725483432941651,-13.183116034073976,-18.708584449414097,51.224046134674275,-46.954672262699624,45.120900965621644,4.888530142389963,-2.371838873964744,5.594595706072693,-9.227967921599335,1.4285918772260906,-0.8511183116021045,2.0
139,59.44984256500812,19.66087639420012,-7.0275560497175995,-9.645520561783204,31.22872933658953,-36.41905542130091,29.83765859425284,-16.292023031571386,5.682903392896847,4.754587707208582,0.6665167117351619,6.053221972316702,-0.7750451615477514,2.0
140,57.58704697074637,10.369981224455145,-5.993971841021117,-7.022317127209868,27.765431436627516,-40.48565594052598,27.60644635651108,-12.993300319105582,1.4952495907099448,7.644912692366887,-13.57003445356494,9.86965233510075,-7.948278771743108,2.0
141,71.36567141742307,17.458726966190433,-13.15105395507545,-24.74594630911971,19.257802842680153,-40.010103900324495,31.030923638788707,-28.765835361723965,-2.479407697605045,-3.119540394435946,-13.583459292761516,-1.5808778815058675,-7.460081558191019,2.0
142,48.0453632320458,2.3555291353415817,8.188157194467987,-17.142150108219116,-15.245695390847487,-24.034655662280237,24.010093682451235,-20.645475666858506,10.91638152858226,-1.1934828988114703,-15.91786102702417,10.195986765155249,-18.019525657265298,2.0
143,55.412015727864215,3.30215422378488,-10.831482159310536,-3.8186896746019636,27.121997291067544,-33.4830392732756,29.73658664413279,-11.179695662760832,6.689699766745046,8.542900259893779,-8.5445395847788,15.619894036486214,-5.941645107688138,3.0
144,78.26533365190976,5.098566090256686,-16.175844824876272,-4.526687631246503,37.272618104506336,-40.63058755443287,42.9610348272679,-15.459890937296548,-1.5647690974641792,7.150619567085023,-11.251559574457358,18.25801803745723,-4.755659296545069,3.0
145,75.78799852261314,15.422163786062322,-7.1678380895104405,-16.29373111740452,30.185261114182357,-37.32480225915563,34.09421039207066,-18.915456936816632,8.522433431501383,-1.030926235797038,-4.021752192069298,3.166241864471975,-4.663425729099964,3.0
146,71.93579412144067,14.777513735278086,-0.39386702348723945,-2.5689018284317755,24.874193468675546,-35.09467713094896,26.04849584687845,-20.397983767581806,6.54961551685659,-3.235969973349555,-9.923922470445348,10.908643044304842,-7.927598524466877,3.0
147,70.84886588020113,18.255352523947035,0.6905529077730146,-5.972576928378437,28.173660133184875,-34.52821667880142,32.735765614284944,-12.94640536832287,9.407541024647905,-2.08154618398368,-3.3211058609232293,4.537602918872773,-7.633758057597729,3.0
148,77.21606262863014,11.965179121810307,-7.890975671267185,-13.873773923099698,36.792636747906016,-37.55797381695897,31.333619133794173,-22.79373115307611,0.6383188332014931,-2.4376594919615173,-2.2464144297131123,10.818467979266686,-6.0848397862504005,3.0
149,72.27436563590705,14.747290497898865,-2.857563288399012,0.19160375820686157,32.47461505841826,-39.81661094525412,37.924944001999016,-9.668781850166035,3.6819633112349095,-0.7366435080618251,-7.781061963742927,9.041388005780789,-11.31683006880221,3.0
150,72.28458111026146,16.166364194603076,-0.7720041105452009,-7.600538442706152,27.554939396182647,-33.575976457429775,26.609952142464806,-20.9472041285788,5.175004539006125,-6.931977160752299,-4.02480400383996,10.610525351312443,-4.767163629896746,3.0
151,58.054258640272124,12.735749378800518,-10.627158415807244,-4.926520093867473,20.582865750702734,-38.953757613934876,31.072830568894677,-13.838885941579957,-3.3425870248100074,14.482569729870848,-21.187863979147423,17.059383379147274,-11.861468563050618,3.0
152,67.93581658534927,10.579089360647766,-9.723657410831882,-12.86235525908584,27.091750173205025,-37.20543008481988,27.495902900229005,-18.770413906595646,10.069917156065765,-0.10363629554082437,-12.062054029812854,9.79511938266097,-8.469538824791073,3.0
153,77.05325751928635,9.950117047449982,-6.552132324613905,-10.74517513229449,26.103090383751685,-38.819053914104266,29.65489584524142,-22.207454351844415,5.043457948239655,0.43668918351062636,-13.142014126191995,17.918075310238127,-9.902471874219113,3.0
154,49.404026390896114,5.185135468373967,-17.129816661999303,-6.49289002844337,33.41742930834246,-36.80237794815285,33.97589030828146,-10.741130975593578,-1.0334156185929944,11.261207286972056,-11.602045621120732,12.666576682212021,-9.386803377236154,3.0
155,71.3099767542772,14.434698627167553,-9.050251162072556,-8.126774765364207,51.646940749808785,-47.075467754807775,32.861077307985745,-14.308912350309653,3.140268793486443,1.1157411812918137,-0.3601921125862611,-0.72417303502842,2.2551212497059536,3.0
156,76.96645038093692,17.240277666686975,-12.68423229546325,-16.46863215351298,28.914233861202348,-39.95983990770775,19.02609712058795,-23.260245847912522,0.6468735384301467,-10.88895094839112,2.3374145641674757,5.752101211905369,-10.372095347589338,3.0
157,74.35149105630103,14.206918128947372,-6.523200818990553,-14.010548765040692,21.182292113059148,-47.10445623302029,31.10762398370528,-3.680573110229901,20.10100511840334,-2.107440498865807,-5.305267150530371,3.986612181478182,-2.4967252863143523,3.0
158,79.55942202709022,10.349958361761379,-21.974609880449222,-12.422323751627363,47.80974247153679,-54.455048702771904,34.114141371112204,-13.466801756981564,9.434303806273864,6.723853671816566,-19.70663673372627,3.221474367599246,-1.1120297402839427,3.0
159,71.10531848707545,16.795182946489316,-6.842924073415852,-7.3029593066128635,38.243983978499635,-43.343567101010024,36.16897160034198,-12.440477444794267,9.567655359613164,3.1987060477570206,-11.92374323899621,5.685080479616575,-0.17151643738005415,3.0
160,65.0636842930289,6.025269415501998,-10.108912614812965,-4.836185298099562,38.23302827023885,-36.49026135572713,39.12514876866636,-17.85169100799478,3.6146669615137013,7.328944586431281,-15.524452790625286,11.181552483708067,-5.237933909415466,3.0
161,69.18228442021802,18.055771658901655,0.15804615042582376,-10.99759733481829,28.393615833097755,-40.734589835378635,31.73137980406012,-17.833388851560212,9.267689639966273,-0.4894091171552555,-2.417977921026441,0.4109678315027553,3.2234548595504795,3.0
162,73.65760820275855,6.467770592549692,-12.892141922957148,-4.9252906169455,29.153673056740598,-25.25009683082049,24.748262000942447,-17.787740991911583,11.15230164041085,9.176593562035752,-4.44692534524949,17.088192971634665,-4.865534130630806,3.0
163,69.30803429092003,14.78509973262558,-4.445432161191392,-3.0176589687867663,22.156019975467206,-29.504977142148043,29.376850308722158,-14.80745875168098,7.525525000414245,0.814524941344014,-10.547279668176948,8.468637619668417,-6.825890864197475,3.0
164,65.61192985988149,12.61686893647788,-4.956474111463754,-12.349545953968835,22.16039258113425,-42.87791204901896,33.43753746152555,-13.400573376697011,0.3234471233810082,12.961359304655224,-12.5575307419596,8.691743477501552,-10.468194003086037,3.0
165,53.90505031089777,20.192363654630334,9.565687601827422,-15.459267602390753,22.873269474836757,-25.17994186118279,21.84496842767694,-21.87611222206334,17.222968089320585,-9.105925712416989,5.406106592884813,0.6727672610894914,-0.1384212227283424,3.0
166,70.6199184787145,11.502751730239007,-3.669754143001627,3.9042718493765074,31.08093390936587,-33.25869845145632,33.80639313628578,-12.598794241927262,7.440821199797188,5.628100835317986,-15.180637818047801,8.3205332296773,-7.652815377076175,3.0
167,65.25044142824548,23.018934257232832,1.8720731857237811,-9.114101064399,17.366874254489552,-34.774056181943585,19.33662374970349,-19.555987803389478,10.219100585427167,-3.5493805740768196,-3.3324796530646608,6.255935705979616,-5.39045063731381,3.0
168,67.48764106097819,15.111356509507477,-1.073636532766074,0.7344289086727066,25.194440964830534,-26.10387847845821,28.72848588611938,-14.87965879617593,5.907375715516619,2.040943689453428,-7.252526615453,9.443830902134367,-6.472137702078752,3.0
169,67.73349774850345,9.097688854615656,-9.392882745766599,-2.5417433179965596,27.4661209984245,-33.89542871703255,32.77576804879101,-12.946888507511774,1.6817530942992214,14.239615615196746,-23.08401878580569,17.439908377336895,-11.633496540928778,3.0
170,55.94278915335985,19.399336768909325,2.6804495937261223,-2.0957948827071804,29.025397884716746,-42.97076025121026,18.87279762634781,-27.237056898453176,-0.07792177178566173,-1.0373913324137758,-3.577626272514101,7.070066811636776,6.456528635523626,3.0
171,87.03673203074817,2.177212954722802,-15.297390823783912,1.3337352833082303,25.357923931464995,-29.880651514461093,22.035369348591715,-14.963353256094576,8.726553367020902,7.742722748193669,-17.477476077007843,12.16070856774639,-17.054236625657822,3.0
172,75.137463151634,9.486555751824469,-10.54925325503964,-13.194267247109401,31.222643222200727,-43.00315352297422,29.395693257019005,-15.628083086303375,9.244180215327663,3.7478051155370826,-11.968095948279958,11.84909927990518,-9.027466673336255,3.0
173,62.766982996691944,9.599492739355746,-9.50630759686499,-2.956559030162003,33.158775104810694,-38.76101764557433,27.556600343921296,-20.801476579288064,4.497341729270476,3.7643685631401342,-13.485364693355452,7.505486690802978,-4.891306247806744,3.0
174,76.12450639148771,14.90271481657315,-13.08240698794723,-13.262917017515703,37.98060588668012,-43.93193318611706,24.889336571724577,-14.567841798463352,14.487012750685974,2.275136001678428,-1.322426131282993,2.81175843374009,1.0344605801475182,3.0
175,83.90620289472942,11.768552696557025,-11.934217558841562,-4.832354711057067,27.21357813293362,-30.627238331088577,26.308675425305005,-9.059045898699972,8.60050716869152,4.583861149674706,-2.8639620903838785,9.730108169249684,-8.001882682387945,3.0
176,70.98949714945311,12.139772595032902,-12.830225589925497,-6.5271215011562616,36.88532007576508,-34.93111786768066,32.931650679594995,-22.060796794311578,6.427305847131324,6.280054310327723,-15.780505559753774,1.546017637570785,-11.441436356560864,3.0
177,81.24466128874421,5.359882141032365,-13.570672526952944,-6.130427560939158,32.78749185776639,-41.42261121868686,35.54002952601692,-15.010975699971949,7.4804564479089395,6.292808969374327,-8.56264291330892,10.427746542020932,-11.797536645329064,3.0
178,62.962886260394185,11.85205876881089,-8.270693329079107,-9.720662958572033,18.709553103257857,-34.92790487564063,25.12708116070343,-14.045926380988368,11.559982761567637,2.934157285747301,-14.234723615286176,4.5585389454705245,1.0331774211699154,3.0
179,63.127715023449134,10.096086432783734,3.3221542321724105,-3.2933346879935854,27.32759069408936,-22.60921344980039,33.4275309428383,-15.127291752248782,13.5112039067284,-0.6533476641159662,-7.690014722153049,6.916997023176999,-6.237715116062594,3.0
180,73.93163127734778,16.148083464534178,-13.107054625488097,-17.815958416075368,32.12942606262397,-34.479159306369404,27.984410740931743,-14.814338910489282,16.7983304073594,2.623505491818337,3.898309857689633,4.654774816245351,1.3685900895194432,3.0
181,70.24439373729594,19.242719150058566,-5.494997877824398,-8.06105844839709,33.642613396025105,-42.694433107875064,30.049883369436166,-22.540613088915734,1.6604894881819519,2.519771033712978,-2.441106078128975,3.935761368066675,3.682648501366887,3.0
182,64.54053535372246,12.442021622844434,-13.567107029385664,-23.278913730941074,44.69906608602223,-50.1678040812407,44.10318261400269,-13.98009839225963,2.8162270688737263,-1.7003088121523764,-2.5214672744036455,-0.11186493131372281,2.1920617732983856,3.0
183,63.86243333585807,18.005973390875504,-6.637772635473531,-7.818516814426972,44.922783707351726,-33.34610207319425,22.730959908538985,-18.618800259863118,11.195860697598338,2.9269045955593773,3.949398193665112,-1.0912521704301825,4.158518936797433,3.0
184,80.1525822752676,2.8787437445490154,-17.09041965512549,-5.767075973401681,23.820335159429444,-42.21730772046177,36.63604918102105,-12.92757157528562,3.0662442949279676,2.7736883136559927,-23.54899706005862,15.593841778470354,-13.081311991974617,3.0
185,79.68256619047952,6.089330794730262,-14.846915491495672,-2.4916991269899977,30.005460588232353,-37.776938446886334,27.77895713467473,-7.198844130341793,15.347545325995258,7.6952091116744965,-7.918134632993293,11.289826224865804,-18.381458076967107,3.0
186,71.9300135513938,16.773856733706367,-3.807722081696034,-3.2602894759359784,30.833988584932666,-45.96591671607082,40.27371125436525,-10.370988682886455,0.7978881976373386,-1.4870444934947191,-8.685521668356774,8.03808211898814,-4.423280720932879,3.0
187,73.16437060122105,17.590337414703416,-9.649663993567314,-16.69079094787944,33.06736916367307,-30.861938406740588,30.641805305312417,-10.864707227565864,15.3210771918727,-3.10867848870956,1.5415813731155246,3.993123253728174,1.4077327031185851,3.0
188,75.65773435134047,14.155147374862171,-10.493391271443178,-5.424894241078579,30.136823543962134,-43.43466182122525,34.65818119120125,-14.452872436651472,5.399217662639977,4.403849317081435,-17.413132807430866,15.194537422924355,-7.273223940261814,3.0
189,63.76917492869193,23.15877223768414,5.676581277345565,-8.036282522173567,18.5848723631525,-18.879342871140768,39.92783273816793,-6.14047058834241,15.073509624862178,4.710185762309934,1.8893646980079,5.557828056535357,-2.4063291107493665,3.0
190,81.13260473456553,14.868968647046575,-6.685332205805002,-9.154640787292237,26.704182721604734,-46.01285520335537,33.63227984605396,-11.948445840379515,11.601155044646909,2.6959855596997464,-12.582524123440534,1.3788453237126959,-2.797646965655457,3.0
191,78.15863682136798,19.90636140269614,-5.2227999519602655,-18.847972938867446,24.165559929284797,-32.649120376388645,22.361194125137562,-14.4531006045345,15.178459113600072,-6.739048614351062,4.366068901957775,1.112826687651865,2.8446551993453424,3.0
192,0.8092148372348222,6.557886890338567,-7.814086335873159,-1.6295116945204144,24.054143645760306,-25.99204634805458,21.37826396543373,-9.894079899864384,5.282702361408974,13.516504301574212,-6.57498802297143,9.16223809247826,-7.610218866749161,3.0
193,70.5474147508898,13.434956919654049,-3.8346090540265245,-11.122020404338448,24.211008941027377,-36.57936577330938,25.03981647602201,-18.681353762710717,17.42640325448153,10.101682160210249,-3.6918564843125643,10.994452778329855,-8.743979177053093,3.0
194,69.84966842097042,11.077332628880503,2.1886311640937146,-0.2594719823592031,23.899995790794147,-45.7173576935412,25.875114667032932,-13.776249841688843,4.928401239531845,7.341360623401139,-15.378166027634341,10.702389074385302,-4.254222593047598,3.0
195,80.0928761130293,6.330335349277665,-14.292666507841435,0.852292885836137,30.205358164017017,-37.22634331284636,35.046412395500425,-16.797640166421328,1.6644473910779074,8.272051413982085,-20.67597492898553,21.563243549776768,-8.534361435266813,3.0
196,78.88872117234597,15.74074348310306,-11.44215903956193,-21.12522676751223,35.770196595962226,-37.39612612736745,35.813076438535084,-17.535478722474,8.18399813378347,-2.613203658071275,-2.9074913069340518,3.84075806234496,-1.6228880927174163,3.0
197,77.62989899570098,9.515073993037495,-13.56034454924984,-3.308487299912859,30.626317539999846,-31.95571879742713,37.48278358191591,-6.148005360468732,11.207873165891371,5.937384183480466,-11.338465537363764,12.00519628926266,-10.188947639516249,3.0
198,71.0604292412649,14.549486820520036,-12.324488677613868,-7.904492999988984,40.74239966168111,-46.32425403645195,31.655979828077232,-11.693884940910698,10.994282074253388,3.1149669736045476,-8.643203118506912,5.844315411847793,0.8242045001936994,3.0
199,58.27611201581273,20.04016998069407,6.197373144705041,-2.3050697659836312,29.10454614738018,-24.428825259190486,27.3432908429926,-16.862538007092635,1.798305918580174,-9.386734182648647,4.911929506919353,5.286162938464271,2.8131540162639843,3.0
200,70.97796344326872,17.53134852483684,-3.958694609049332,-12.183725308236335,31.03872914250661,-41.68633357074305,35.7079608613145,-16.198821785574804,-4.212617392113518,-15.15250889244908,-6.489500932591026,1.6796766369618858,0.03588453891528662,3.0
201,67.51617655573943,25.83579053978814,2.774762234667556,-13.951076822931753,22.878237475496455,-33.188837112126016,21.61692049105593,-17.181233224948755,13.62718585615441,-8.690518487289204,-1.589533789466395,-6.358316164353468,1.4790544740206917,3.0
202,79.1448681620866,7.563913765022529,-15.977264026649573,-2.848638155507247,34.237788075046375,-28.073311391487604,32.21210336605745,-9.41805819032311,12.96773943745603,6.851634164451052,-6.122323401176396,17.762711575458074,-6.818718394858816,3.0
203,75.36244846553537,11.036717251677318,-10.503862898913894,-11.034713470933328,20.150642500056357,-36.47332859305157,27.77102126123677,-25.774948240482637,0.8847277897268654,-1.0419658861864285,-11.15313058943402,14.170553638602719,-7.2836343620585176,3.0
204,72.62271612444931,11.15740873280595,-7.161023790051464,1.7835424460604303,37.494910165030454,-36.28707824707353,38.369587508353455,-10.96894112127588,-1.522442226031978,-5.2102397600568695,-12.38929079654801,11.370953433123429,-11.685810694331073,3.0
205,63.65970245226825,20.559321589324597,6.583736560215474,-7.095905414425983,29.284707625992446,-38.76786236400528,21.937874175898646,-27.352138886619276,8.397967900354363,1.1144467670908038,-1.3402884420463732,-5.44366180427874,4.520879056647518,3.0
206,78.20749497194961,12.73524176015871,-11.797238511642105,-10.554688431279894,25.727778295990458,-44.74883154752224,36.08327857385804,-5.444022270262827,7.366524990514631,8.298110966586908,-21.871447775978357,9.872088067252344,1.4920995630116773,3.0
207,63.86788600420704,10.106278662670485,-15.116705059612366,-3.87253693802872,41.468390624996516,-48.71257052451483,10.00736186063946,-22.04175527449064,3.779646283707284,4.984571624250356,-8.673177781213402,3.197895954875929,-3.4747271258333514,3.0
208,70.03013174703143,15.321771808155306,-12.21781555441484,-6.310542601922389,38.097388667657576,-36.84839991874526,37.93760889614248,-7.801882687248165,0.11489225495270187,-5.283946703154698,-2.440008901674076,15.397375715133665,-6.5148262601233915,3.0
209,62.831877393774796,25.368417094541307,8.869820839746563,-17.32944109985373,22.49526942481851,-34.16234056063938,28.47013713503251,-13.608116881549694,9.360871904864764,-19.950414463235568,5.756758940154771,-9.098606135457269,2.781997414950522,3.0
210,80.0432862953692,7.355120720694304,-18.20372841490558,-10.831081960468468,34.977465277831215,-45.14979532235686,33.53763416024574,-12.676117365071,13.969402401345876,6.777807778200032,-16.913286999147267,13.46437103307536,-1.3697567629282887,3.0
211,66.94123933567079,20.520967321358615,-13.44414021408818,-13.77898060642852,23.431109513438905,-38.78604729366196,24.76365274945116,-18.587954139947705,-3.251713497529592,5.051615254233663,-16.665060686337963,9.576814592013854,-7.784137448987881,3.0
212,78.57937319644314,9.78979077274517,-11.203056768924858,-16.01601703915166,33.31569725300125,-31.576395891576976,34.27835197252734,-17.118998064754003,14.608142869519504,-1.2288066619078266,-4.90362158761964,12.502929547085948,0.015025873800077826,3.0
213,80.74355731781591,2.758956991831865,-16.430575213595617,-0.3079865625858092,38.20358899251795,-49.26761250127121,46.728851747834554,-14.853431603281132,-6.447737830913193,11.952464141648129,-15.429364054585275,15.804401192932032,-11.011563954265398,3.0
214,72.91184526609021,14.858088902204685,-2.7735100125257035,-8.021018727221007,24.398736726861703,-35.63798835952008,25.50723505235464,-19.71357045399149,9.026999809236058,-5.595784811463739,-8.322713184337669,2.5334993390552154,-8.340117757185395,3.0
215,63.21274288240947,17.414228938122715,-2.3447589223192997,-6.516445765120356,34.272924296987476,-41.01220963428728,42.9905851174065,-13.209762424024044,2.114345704947075,9.402667550182793,0.2299102329253557,0.4552987759436744,-6.007873537776648,3.0
216,67.50536497326532,26.716482125239864,5.7787883458364675,-11.098289509364994,21.337057798387598,-43.68045914073034,22.261873470898294,-13.829060525222221,13.879634062944426,-3.9504868087687672,1.3657198383733373,3.4675143158344093,10.837096922058764,3.0
217,83.02664788715902,8.397567858283812,-19.6708515467827,-12.536534775909116,36.43730322136446,-35.78600831041513,38.89330356648555,-11.26023415892725,13.515348049916078,4.869756185327913,-10.639876811590863,11.99832706291182,-5.048648287822726,3.0
218,84.43556302792264,9.395747618520954,-15.371704316118885,-14.446194273937161,33.053755290033436,-49.105849269170015,40.32915976763953,-22.394398798968005,-5.853292433426552,14.855164985657398,-15.645794300739757,15.236407497221819,-0.9359358264186418,3.0
219,76.67936394693425,12.51252679725654,-4.109642853008983,-14.592275264381156,17.966678082970738,-44.82686873516226,37.37686755915924,-17.297409423459015,2.8195127688648816,-4.013112806940576,-9.943562749093525,8.486803520559784,-0.05615270379571654,3.0
220,71.2479705867549,12.452920533777844,-4.399214783493649,-2.1271604863862863,28.27912828792476,-36.42721508442236,32.52087111618579,-15.141099763470494,1.300173411592308,-5.770145903170474,-12.215750301327512,14.989431114940556,-8.506410287887642,3.0
221,65.76150924931875,12.405008080441233,-3.1849445340504747,-0.13522636459765852,40.87030354625207,-36.22685410079261,31.14236965239966,-15.956130040706402,9.668220089614081,4.187405697116967,-7.555658442638257,3.0834581754719737,3.243839407523689,3.0
222,62.53946443882801,11.19322536938132,-5.178268067858893,-3.567613495006091,22.900275736010517,-27.88502438382145,28.950261753914482,-14.956641875172924,8.056336251254917,5.922324436034977,-14.099245344763052,9.740404940516177,-9.531221209878899,3.0
223,74.73158213990953,11.531903953023615,-5.928224636286222,-7.959447494622495,24.056323980304303,-37.03461880592939,26.997753539382124,-18.30461056747822,8.141541371955192,-1.156413620680103,-9.821355897486963,4.784835394092813,-10.730631920834936,3.0
224,74.93293840660019,10.65670753824668,-3.3606740717605583,-0.7149329322190108,24.918066534328705,-23.03425355873368,30.414428523000865,-22.61705253836416,6.727178250321581,6.584472544568502,-17.392591539856518,9.763888363980731,-10.149454750182127,3.0
225,78.01479700194542,8.547236875519035,-11.64655157445284,-4.966213040396686,51.085006399572684,-41.98274843915939,40.006639028498014,-15.991016325074053,4.706350465683966,9.839865606851431,-10.753121295203732,12.870408600624675,-6.823953272645439,3.0
226,71.17695790406354,17.276319144077096,-5.034779634585427,-21.46734652975243,34.73414506697863,-39.63290425623213,35.96198674652829,-12.7136474451367,12.723353193919767,-8.207285842135565,-3.7941853285374543,3.767243872063931,-0.05072103645575099,3.0
227,74.53957205591125,14.465110432535896,-7.474601553615591,-10.14904284347441,34.30551703114106,-39.02066339559582,25.476311093490345,-19.605021542600355,6.863228017651243,-1.405049828468381,-1.929689416653154,5.632883746783614,-4.318340909147,3.0
228,77.33712847401922,12.69160556113889,-12.532458412574092,-3.4697440862110325,28.3872183888708,-30.605887679736345,34.50212067308392,-6.904600449935359,8.02679845032463,5.701072706282319,-7.45516914118573,14.66448134534082,-10.030794603130898,3.0
229,64.29845282043499,26.062412454106855,0.516966372847181,-12.256530374224546,27.883187324911074,-31.12408647519874,31.359745364917064,-14.95586553704213,1.6512378650855872,-12.969234696907717,-4.06232089151079,-1.2324735547512873,5.6726502030042845,3.0
230,70.11284642190002,22.432669209625804,-3.369570456228969,-19.288897927802456,22.63521721880457,-36.783187154945736,23.90716846956769,-17.0840797260532,8.491171089923133,-13.98630386644293,-3.9061535754316496,-1.170871338069783,3.564537123880423,3.0
231,69.24598189533945,14.028058746177281,-0.8116917485207066,-9.27073206904426,23.24526139342872,-40.730343770809554,16.95995657395706,-19.71844474898869,12.706716681815687,-8.059174975368228,-2.5480397606334284,7.235998201975112,-3.5669112326788293,3.0
232,78.18642293996032,12.243017513694001,-9.104662601043412,-11.727519135967828,28.14410748338791,-37.69631671315574,30.012665603546814,-9.106352043996996,12.440207993268832,-9.86376021612496,-6.193154569198386,12.854379219502377,-8.178932762498295,3.0
233,79.40452882848568,4.721515964140716,-16.908124912555436,-6.6161270045057625,25.81735824978221,-46.01833854039805,32.857219377644086,-19.03828075276079,-6.858694365573635,13.860887469851841,-29.956483655217433,19.59471942353386,-12.541201281704716,3.0
234,78.6683269126874,11.915127391475362,-11.487178100778326,-5.157857013871771,24.28254137282503,-43.99985013942314,32.863196811074374,-16.522988091580146,1.9281757742544183,1.3768915722220147,-20.023588739825094,10.049396744031087,-9.29479396183824,3.0
235,70.15057284714483,12.09768740555118,4.679868585179968,-12.87871368380314,31.063263800379335,-31.86566445594009,28.234496994055636,-13.881167664390212,17.95971401169618,1.9514028714990128,-3.4747833932741505,11.708732497246837,-2.172633136783007,3.0
236,70.45715619627994,14.228974434697083,-2.1707382623637757,-4.436413275915175,22.71123695800734,-27.314961182544923,32.188044683825986,-4.271058851078919,16.52363125753182,2.872714502267332,-3.934016707987706,14.938276222020217,1.0347107960574822,3.0
237,83.43041249630987,9.57140604721929,-15.209721768083405,-15.73749816499208,31.963891553813458,-45.86640707775202,33.65717522692539,-21.00790950408831,8.736759848158357,7.246223864296612,-12.713257418781483,13.579771819830194,-6.7652848221173825,3.0
238,78.42634016834207,16.328661269225034,-1.0792358100898567,-22.09294254612818,41.54363232302445,-37.81194238321207,34.56192246541843,-7.818778871275554,11.87275135893384,-1.453998031789536,2.8905868319711616,6.215388323499243,-0.5409134191508389,3.0
239,76.2739115757756,8.124216884506868,-8.31046794835621,-1.1985516243916141,20.84112275984678,-46.7585217695331,28.891089138572653,-15.023720746456242,8.859126639589553,11.164941376095042,-16.616034908430784,9.469007393908369,-7.290329156291344,3.0
240,78.11837250425772,16.802304050045578,-3.1358599425203715,-9.867085111484895,29.327598607955633,-35.310541028413056,26.635236140450374,-15.587576498079514,11.030894544661008,-7.785732383243827,-2.4053396387335777,1.8508543868474037,-3.1777768128704285,3.0
241,74.26334958152079,20.651406779196535,-1.010818078109157,-11.547601142437761,27.28606355509429,-37.20072605288157,25.999307411216158,-14.478489848473204,14.314482419288856,-0.0011615180879097366,-5.058923208740289,0.16836689887773798,-3.7750601198502522,3.0
242,70.21416742123138,22.974389808737158,3.647996465508955,-12.534580532896449,34.9896724701544,-40.74660492614288,32.011762086385744,-16.449488198025257,-3.2845246479244206,-14.633080967026181,7.340938050814542,-3.94481859579835,-2.5363319578627683,4.0
243,71.6593908413429,20.539006555874877,3.0500553821564473,-0.772956673420578,38.286686912404114,-39.58045061811485,36.83301071786652,-17.139429095288104,1.3390786769076375,14.047984262772156,-9.604749294236733,1.8448848287858262,-0.4526598784622933,4.0
244,56.0922500104927,25.064946667736585,9.127100825201609,0.1488504162300244,35.4263601165759,-17.18861935920393,29.183493674416017,-8.367765843804495,10.045488676224176,0.09149773306506465,5.477788504026989,0.6778464592488772,9.336008758469367,4.0
245,77.38354125364775,13.98612340308731,-15.011840744270447,-17.490541195233313,42.67255009687892,-48.87502674395351,47.91955452923142,-15.886431212502206,0.9436852313060637,14.10370376118408,-8.54310521327833,6.5300402953487415,2.9195210814567467,4.0
246,68.04787308132344,18.115747587781335,-7.353701578934911,-18.73717694201531,43.37949547714681,-44.97313149233108,33.88231678277881,-12.906763472661916,8.742348190688736,0.5970881408170369,5.064017001402264,-7.32735947045318,-2.346540903109391,4.0
247,82.39012490525873,17.0425818314337,-14.694425817925906,-23.92700880944257,36.43516781687719,-54.16663382481699,29.271062864966982,-17.894255283204416,-3.357292197329598,0.34148631428392917,-3.395323162893154,-3.337745087224894,-1.9324399785510706,4.0
248,66.89730357105799,29.750903073925024,0.39661485964430776,-24.380496497779898,42.44297391058421,-30.823232279569638,29.452370761808613,-7.247637596281457,19.42720765444685,-7.344778363525787,20.742474423842378,-6.577913229502119,9.334471694604948,4.0
249,63.002313081151485,21.64073300690153,10.835800481747512,-15.07065120613592,40.189602380466894,-29.77544201897272,25.86122500118913,-17.263323549608476,18.7990406520697,-12.359668851597068,3.909901596970157,-7.665224318950261,4.804052056917945,4.0
250,73.70662094671827,10.13135815678775,-12.079561601272593,-16.32476611154096,40.17802415428523,-38.584666966543935,33.641601225536064,-17.585001143532804,16.605763283008855,8.222587881433187,0.46513157930569016,8.956272119867778,2.6018837596340956,4.0
251,65.50792911076695,24.485148933468672,11.322818789277042,-4.54484374084912,28.24791246625088,-30.865649972897504,40.243016074125364,-13.725093329509384,3.5346764125794814,3.73663428124785,7.800654857641344,0.49386260010856314,6.071111984458179,4.0
252,65.44825831971208,19.887050217978654,-0.15214683427034117,-7.796284014795782,43.61202202653883,-39.07832332179684,33.143890549183986,-24.431155742430963,-2.2836719762354294,0.38714033219058314,-4.731892572944883,-0.0015544930737059763,1.707414123310289,4.0
253,67.48275852071747,17.03821804720826,0.5919088921111212,1.971357704196431,33.8113673069941,-37.77181733578604,34.78513521187532,-13.06160540966155,5.372308604435373,14.766880395701214,-8.664394770349512,8.345965933000485,-2.3863814103232275,4.0
254,75.33422025464746,19.034599922027795,1.80101937522886,-3.8754094960637224,41.938420479780845,-48.008790337085635,31.105028824406144,-15.175865740000189,2.3509325689863148,-1.3073891291967898,-1.2799378297339923,-6.605737441834087,0.712305833930378,4.0
255,75.72951238873127,15.826491516262621,-12.461418205659603,-17.090764655184845,42.62906165125212,-51.24722167339457,38.5586932733342,-6.065359410731501,2.99237242204822,0.9589358867593996,4.492571126830446,-2.9459276008142807,-3.2396824111718248,4.0
256,65.82861819823259,19.259460978512628,-10.285722036010407,-13.536146725288585,40.60755846087963,-50.36201582008372,35.18261338927902,-12.210566224991533,-3.8396420515583425,0.028142288804481358,4.041090147690867,-7.363053490359275,1.4745491798491046,4.0
257,73.82695952527939,9.374289078630055,-14.463966646859078,-15.441653104351529,43.59417691621623,-48.39755061084825,42.61413163753397,-16.8729917127474,-1.501962469563906,19.463011587233822,-9.398451638353508,9.484174182791678,-2.327557087113354,4.0
258,70.75636484379976,15.47948694714337,-7.970245656667498,-14.720095733265941,39.400529530881464,-45.944144437942306,40.83252929787662,-15.878705266601635,0.47885669587274754,8.29669549397086,-6.032254832493535,2.203243152940791,-1.6649437359430663,4.0
259,74.65303384466999,14.92124891054741,-3.3052478180913942,-15.850516513914446,37.55488103823019,-47.1858685455686,38.68811940516065,-14.230349206470374,0.1312861981634604,5.282894429897769,-9.777190721108703,1.690025110326034,-3.2765011477124784,4.0
260,74.82083002854816,24.193097482424598,-2.87007323885922,-25.507102277878314,34.51954442189286,-48.1945098228231,25.9315536698821,-19.69946176445735,1.9770586250444941,-11.528852566661392,9.160156344064186,-5.242329128346283,3.081694747140155,4.0
261,65.08069178533172,28.219843433006922,8.02697908654151,-25.95061985629845,34.183163021625695,-27.82900209481977,25.116171474294536,-19.114584744606848,9.638129245648733,-24.257334984667143,9.263716601234046,-16.646193428640938,2.6919649802613437,4.0
262,76.01306853278675,13.878871327665282,-8.606081642176509,-18.26749181256074,26.44082409654715,-55.96308175211644,33.34615056054066,-16.2761962809761,2.000167912367314,10.054241029845272,-10.423378030308413,-0.10087687678750704,1.004770985283047,4.0
263,72.91312952122894,19.56873618490618,-3.5557691475693725,-19.789353796694357,34.76655820028756,-43.13878728472914,35.397544425263455,-13.194316053694623,0.4226523491941769,-1.6560745166412156,-0.5917630168638439,-4.757284291371314,-0.24606349378877462,4.0
264,80.47207931504616,-2.85118983490117,-16.556672722932166,-7.983691449688969,36.634897614313154,-44.10762399005096,45.5007898253275,-14.029347459689658,-1.8997897929494023,24.68260647652662,-21.07579591171112,24.6494367894921,-5.68106550279606,4.0
265,70.67693141200368,16.484794321889193,-4.104424753111808,-21.316082471207935,36.35391202594047,-43.83463761640738,34.15923098778555,-20.07256053153222,-0.9795492243081115,0.46437032917459087,-6.538735594290938,-1.8704624949734876,0.6039479883119429,4.0
266,75.70564726918873,15.234306746892425,-6.151322051339135,-13.357168303187375,48.50264326879897,-49.19234404353208,36.8301169967324,-9.068687526398653,9.514583394947113,2.575263433724137,-7.71524446101015,0.9460679230298934,9.726775483293709,4.0
267,61.35522989323765,10.707500170071679,-4.31075881174488,-8.340303791906637,48.810004936148474,-49.63518972959367,39.5136352118784,-16.64631367424606,11.211343177432989,20.99648726843919,6.667632189448209,8.11510595746887,3.126588361662247,4.0
268,61.33600823840155,16.9461864202806,-7.426624400941574,-18.01880475363133,36.65374050816596,-34.920856006883945,41.30624366146735,-9.963764458841634,8.081630376792377,2.9946530714609807,-2.969487814298778,4.252901263467113,6.214855876450259,4.0
269,62.89846856739889,13.58453396619595,6.35968831116385,4.153746818498113,40.28460478865054,-30.536369241432258,40.15457164919238,-12.175618070093991,6.07963758344487,10.248786954506665,-1.5630665518935662,5.724165883624776,3.0986890429590637,4.0
270,69.92294251242951,14.439255961949307,-6.743782447800392,-8.40268492685954,32.699005486908355,-39.90091394329261,45.14479200306831,-11.297908107006414,-0.5293784482177822,8.74752862613238,-14.467933864376612,5.265546659435156,-2.5036357355820567,4.0
271,67.41631885456582,19.96286574092217,-0.9653964073052096,-0.6425343211953958,51.032551009021475,-23.432914657512963,34.17717030971837,-15.494582930019828,10.466060468561448,-4.462219382707811,-4.571538431927811,-5.1554082528073435,-2.601497172960995,4.0
272,75.4894515962929,16.94903868974611,-7.400001955484389,-19.06098015920735,41.722624556727226,-53.56333085072265,33.532983506066735,-19.2230438630279,-2.678228201248626,-1.0354275337037184,-5.874605138688816,-3.866343025683901,0.8806475221264172,4.0
273,68.35667345810151,25.021724642540175,2.965162835510785,-26.032350560622866,32.630031947182026,-27.00237637173386,35.207345093175654,-23.343958411538846,14.767685287593055,-0.4331893650605526,-7.687714266993605,-5.708400914686933,3.5105997610876263,4.0
274,73.20977465807381,20.190876505508843,-2.422624097955107,-19.141602386274936,32.610901482383916,-43.010445656777335,32.7611380436775,-13.098648215868366,7.2954466654637935,-2.5689059992649566,-4.461051890549747,-7.849592704308286,2.2059567783148437,4.0
275,78.48956318528923,14.60920158727212,-9.038597951184494,-15.490982072074852,44.074364255828996,-52.50310425847745,37.687054753257605,-21.955509347221223,-1.5132752775378697,6.344157697331358,-7.558915467183179,1.7249881664647577,-1.253954272189468,4.0
276,70.6568122521353,1.7479651454673788,-18.20768683931342,-10.130961437337291,53.098203392531346,-55.689277387447355,46.163775077374,-15.182739712437577,0.9558970606874397,16.193812267777755,-9.910694319907815,10.17770874532867,-1.2093964937083372,4.0
277,76.68840925509583,3.0910802670426314,-18.849045466617966,-7.457852496423303,45.64564775060549,-52.2522044355991,49.796619961545844,-17.07708149348923,3.8164114696970737,23.611878126382237,-8.34579968270924,20.371135892712612,6.4311967835219885,4.0
278,72.15112565454169,12.629033245796927,-20.611619490891517,-9.301478430793528,63.95475514974508,-40.97835676187259,40.27729135617635,-5.84407915676594,3.942536794070692,-0.0008735553725077249,10.177388123218526,11.455853128357857,6.778997976115862,4.0
279,64.54836151437897,16.68261553665512,-10.595367463647351,-18.531489513241404,45.083847710791,-44.02628408963784,34.0545708179181,-12.960190752277851,10.944343147829017,6.610478020270136,4.624440838349289,-3.5988916729441565,4.372814708154636,4.0
280,75.82363917871923,7.302326050951677,-14.280149596678887,-13.388423503245477,45.71653539528365,-52.507622077423896,46.89810877414952,-19.27706975703959,6.626552857187948,16.637794783876075,-12.706153966716105,15.905210125229399,3.2054729720722714,4.0
281,67.37907411391636,10.613625978052891,-7.337895225482188,-12.461828245983343,52.14465324309923,-46.584522647969756,42.394089440847665,-15.681664217938609,3.1178796297172693,9.446391196160475,-6.381090397297092,-0.6679547601109572,-0.032445660414994464,4.0
282,74.20430396390759,3.126681380848753,-15.830218712626834,-4.175093621723364,50.577066422536625,-42.098432897588474,52.69704479515164,-16.845767485843968,4.833137104683506,22.86709686983095,-11.44400760000125,12.701729285300631,2.9919859291665793,4.0
283,38.72301805310356,22.356609544303147,20.918012495173183,-1.969599757630871,19.012997648443587,-17.512149987767668,16.838729546723652,-22.545684702867426,4.3727361807532725,-14.641090896312937,1.9219345881348076,-8.03336327452389,5.628685718238895,4.0
284,68.90345692486163,18.068506067093715,-1.150652969224293,-1.3838218507322566,36.94582554254691,-46.77323091391611,30.89048442947821,-19.96397800284849,4.430350061500456,8.519838023599588,-9.31662743447788,1.1469151221493292,-4.5925074639669194,4.0
285,52.17257422731667,21.50653645296821,16.066060973413435,-7.32701514973065,28.375979891321535,-32.10676119335712,24.631119273218214,-21.247312103215044,10.611143479844316,-5.010368134194255,5.585122210099865,-3.147437073373027,3.0463973796949255,4.0
286,67.93877669469595,20.830758821365176,-4.900612582396275,-10.221619951745456,39.37396750982409,-41.96681162466841,37.15142242658281,-4.660445287523307,1.84738302591864,-10.12652882997923,-4.583587513757283,-8.902910891438415,-8.248655676220825,4.0
287,74.3301983591698,11.05331165767803,-10.746094309839277,-19.119431249818163,29.616545295934234,-53.33868151889664,44.63519934276874,-12.35073915480855,-13.296264662675569,3.5553869462069283,-2.2519374830413437,3.85480073156202,-4.980411072146469,4.0
288,69.8179045446683,10.555085611803463,-2.6883972663081095,-12.560203554480367,39.43514421009473,-42.42738534735774,28.913969844413202,-18.797014113125012,8.79791394840222,6.887879769354413,-7.122884487564739,3.8935383117874878,-1.783040519431948,4.0
289,50.52737612869072,25.004893346673285,33.59011712233109,-2.5342692906804816,19.359934521496104,-30.946088958216453,9.408009185171514,-27.164087690595046,11.200332893412188,-19.420146428871895,11.215949159157597,-18.02491649483443,9.55076985414849,4.0
290,53.771126963851316,11.340339660407556,0.13150839279887433,7.4447933546543315,44.657242570068185,-30.657464540759168,36.12796258884316,-2.4997069747122422,12.390274202557736,2.3910786397511643,-5.280831765416224,7.397016073824329,-1.4765716009210186,4.0
291,74.02175604092884,14.367226302804871,-9.638252481505326,-20.74076432371671,25.764170009364967,-45.18702344460854,35.483100028379376,-17.323807612015948,2.7864606289486296,9.210411346280026,-15.921770249947285,2.1085121790773806,-4.928709346563819,4.0
292,80.36187081501706,9.988120727947438,-23.925376766994,-24.02527116036463,32.147435176400556,-59.77183708929626,44.55206745398717,-20.338059004995415,-3.59819571670623,11.727368813564787,-16.47949267154642,2.9689675300531895,-1.982088698762664,4.0
293,75.62501886411775,0.46770441609719104,-20.882415541421,-10.42200660383738,39.393441730096164,-47.915074651867485,40.962690849684144,-12.929781896967171,9.10597126496344,15.340674046815082,-7.319973226231761,16.545761360771753,-6.384017229221605,4.0
294,76.59355190468554,23.686148040290124,-13.053716220862578,-41.99042710568341,37.62050759986388,-39.11602971421338,22.25266677040046,-13.020210697047967,19.600192813940243,-15.025572512611838,26.88632326665704,-8.487810828857763,7.11757222605363,4.0
295,74.04628040524223,13.964716790529678,0.36377520095948374,-12.293786953110189,41.95305148489082,-37.43949666870822,33.52013964314697,-20.150225989566078,6.046596872719634,3.415395587163597,-1.3103621433895833,1.3514013737852018,-1.7192911591227293,4.0
296,68.9775337585847,17.02013580312198,4.308814213986391,-7.766126233637336,38.0166110325818,-34.54936071195765,33.24112222004592,-20.228689776414136,10.561197520474545,2.013613429526711,0.8205049836686581,5.146702189025932,4.060073959406372,4.0
297,66.9183228316757,10.541672739815487,-9.331445276933716,-20.0621100546784,31.40539984459429,-37.77538458387675,30.814986580657205,-16.405467450167453,7.668201606587635,4.331843188675747,-4.385801961576535,6.8176731917905675,1.498326004357474,4.0
298,68.58268365319564,12.715066372752617,-4.990735290232537,-6.3985726464570725,36.16390115237863,-25.494349354295856,36.976199501814854,-6.222271860302195,19.58237400030218,15.315906352886241,7.058023228824654,16.260880837385333,7.134739852611122,4.0
299,77.88969255948732,11.064006188596135,-8.990149948501864,-11.135638838135772,36.08048194197961,-41.49932038885287,37.23896811693706,-19.306411836393508,10.286498863407095,8.908576204123618,-6.2999950955735375,8.624810729520984,-1.9483148202267515,4.0
300,80.81762402908653,8.735887750041066,-15.80874693861366,-13.562343393508318,51.72942786024416,-51.31253108141059,42.490649768192235,-17.386016814757873,4.491529349328662,9.686653795094974,-11.41813104984941,-1.5222986375637357,4.139819050534809,4.0
301,69.82628211997664,18.680449251893805,-4.030946446053681,-9.752478999566481,36.18795553906305,-52.181213019323344,23.335555975515916,-18.854761313151435,-3.9673005246385453,7.148854207127161,5.0774646117331335,9.21522780619211,10.126467524101566,4.0
302,82.70035778038395,12.852706284057593,-16.701165106443383,-19.887395893643856,33.97583610007553,-34.016171950074934,42.892253707567306,-7.384969025319655,4.932879133216702,12.632401984704137,-4.377151842175691,11.10540462826481,-7.413678275224302,4.0
303,56.732527130111585,34.79931282304786,24.16603401280905,-25.274472515449784,9.009238846546417,-23.876757957174508,24.029744464949808,-19.475908500156333,12.225879805614095,-26.213282758439874,12.307085443801283,-21.43991308797022,12.090301856312017,4.0
304,67.57083683289657,25.944480550776635,2.1796994041150914,-18.994090834751752,34.90508361708556,-45.08335705393579,18.773214147198377,-24.59780104391702,-1.5331753791827318,-12.945467633654763,1.835989731437411,-14.647255457659952,1.128059885214207,4.0
305,73.8919672080845,25.013281445895867,-5.900041680600174,-19.869511710385535,34.75052519314111,-48.08236744750591,30.466905387371003,-7.454765801719488,8.961152815182933,1.9182492082636504,5.098514991517608,-3.0462287067269322,-1.2912959929521075,4.0
306,78.52392454379397,20.457410632975016,-12.161406585846319,-30.372014913461943,29.44206887429671,-47.425377097986996,45.73962753986844,-1.5162864839931383,6.418030827753151,2.966225610388601,-4.753562103212128,-2.6469632533041363,5.226170047647302,4.0
307,73.06517386610963,16.62107006452612,-5.937208107871729,-11.94572782813286,34.80540510926996,-30.667556051166244,45.64896291674043,-4.320973672728695,9.175126362919448,13.62483775113924,-2.891619452112014,10.757174855138581,1.6633475358210508,4.0
308,76.07664499788332,19.240991893404956,-9.132247268714659,-22.56598187397606,39.15993763561956,-47.461854438534324,31.551795806546,-15.134956456975779,7.027108919754405,-3.194351116439578,2.1033826312710784,0.23534973337738538,5.610998842883026,4.0
309,76.38961623166855,18.91877075411247,-5.415949349733092,-21.37342101235244,29.32507721899109,-51.463550411468276,28.17794125691299,-19.539555988100773,1.5707761594987006,2.0943754066235973,-1.6079411287201069,6.36965706297217,5.398415662114408,4.0
310,75.51833646643277,19.66397754644576,-8.133522493115635,-22.143113804149973,37.59577580823983,-33.58719760598278,45.31613449013535,-7.265745827817273,4.103032819434301,-0.095451236761718,5.057536388638145,-11.625437488479545,-0.06594684515190379,4.0
311,74.37194521845535,16.06826327812144,-2.314584866038876,-18.556743163939206,33.21680711013667,-44.71703299566428,33.95142451563921,-20.40130860312976,2.439882752783983,5.286772193267823,-9.275980862604207,-1.5326159659998202,-0.40319757622297614,4.0
312,77.4323433167245,16.59364643725644,-6.074786773274669,-29.461857395091908,26.03971803168876,-56.734393568352395,30.189725049538072,-27.87261166483888,0.6147651887270469,-0.2673219993251453,-7.615032890018427,-4.397499458200829,3.4023454678311356,4.0
313,68.3602046832201,22.349546490852234,1.6937457652214092,-28.739101566802894,21.938647402956917,-44.749273607431604,32.94307045592666,-22.974840998961078,-0.6288243331853934,-7.3399276548659556,13.869624193230594,-8.233400417307013,7.115085420566526,4.0
314,74.96512053071297,22.172192154112622,-0.9559669952594182,-13.316196856034368,34.45464087460119,-43.843773259125655,31.153728330815643,-16.69795490486563,9.089333105765672,2.536816352974463,-1.843793962836008,-0.7344996181702496,0.2205885168977587,4.0
315,76.1352045712849,10.000192589038539,-19.366734071955918,-12.924794222882408,40.86002130399348,-37.91403189069864,43.82375297059478,-8.664198540977925,3.798444519785678,21.33021810790317,-12.02056574978863,12.290393421461422,-0.8659214182781523,4.0
316,73.3424014172781,27.881376920261545,-5.378148926582845,-24.078625923233208,37.01935253038773,-38.41075097766136,24.694112082752824,-8.221239438711018,12.920423673758684,-11.899406783769017,12.77056730827104,-7.902584884955078,5.271632924840627,4.0
317,71.79916196534845,23.820581963958315,0.6129634371320443,-17.68670506405279,35.03857795790735,-31.966334994875314,33.20837960524782,-17.3422863094845,9.151110088648966,-4.194931810745066,1.615959426756899,-6.318272780488223,5.302087105865036,4.0
318,67.68224239740088,19.473686393318555,1.6273220992235393,-12.67415584501414,42.30201582271741,-33.728238292117005,31.884471110652427,-9.122692757598891,9.106901178702723,1.4409907494515444,8.345813099109279,1.7662437665205926,6.8004359246710235,4.0
319,65.78539092818153,26.876097306408823,7.694680324598449,-21.734339794613486,37.03679042066367,-36.29349539629162,18.536866565183328,-18.61741297908934,15.298306275495447,-16.66516889134519,10.823306613986745,-12.594814352586022,3.3932213904776534,4.0
320,60.99223804559705,16.73142879859014,1.1735854481276293,-16.432098988628663,33.613124121757096,-25.30464553713697,31.48119914691948,-14.979671394509838,17.7854028576167,3.576557496663647,6.231948389319573,1.1548138592666477,4.593508557202272,4.0
321,66.32989150485041,14.47921075398507,2.3180292541325622,-4.965113151306657,36.929176414228806,-48.726534885983455,42.865887807201716,-9.614765405577254,-11.433520689354772,-1.299864198292444,-1.3686466625842038,1.8347168180605025,-11.727595181592443,4.0
322,68.2121847836727,7.726539971518676,-9.4068199327752,-9.300181796112799,38.42896974563055,-29.281974025064514,39.708450585943666,-7.646497271512119,10.781812885204525,14.709828627605912,-10.565858029399498,11.78596005639016,-2.004306401319352,4.0
323,69.76283423471259,19.232755957716783,1.9415267724880463,-8.847750576653382,43.84543686636805,-27.617265389888654,31.377808231552933,-12.977220514606978,9.868801227600667,-1.5038074134580215,-0.5415824880864695,-2.1152320890359184,-2.264944319967888,4.0
324,70.92875170806487,12.338248905653705,-4.840549492292638,-9.334959569694234,26.81389569468111,-41.402531118234144,37.74455660014623,-23.39435146738667,-11.667065983733245,10.412089250848156,-4.200787549949749,10.769649363957358,-8.263680407879091,4.0
325,80.5594588080646,13.894482387640556,-5.583125257547561,-17.92837756285368,28.29284687021257,-47.62668354020083,39.08347075217406,-23.551618914903067,-10.938510328981073,7.202540709139609,-11.61096968486172,3.057942315517695,-5.411617065868545,4.0
326,54.29597068896307,28.29865934927311,10.825797552736418,-23.391051449431664,16.922172046839183,-24.869046148232314,20.186744131546718,-27.8131377899606,12.100590327036398,-13.79853474837956,7.135129705418751,-12.347037068645257,7.875921928952918,4.0
327,75.314548874083,19.134396993748442,1.5304172032659988,-12.47053364471785,30.346689095810124,-44.920457505140746,36.07917414877317,-20.040696071155356,-0.005799166833129419,2.5051454883758275,-9.337197015871197,-5.9617775409341185,-4.286287412941119,4.0
328,62.20706016137021,20.24340008282967,4.437468609489202,-3.834197440139624,34.82363425408631,-35.20420856937167,36.60156297448518,-7.581684931181289,8.015244227330252,-7.7210856316177745,2.535180122846476,-0.45648001938358035,0.7173079702365291,4.0
329,71.06412646915942,15.463556784919358,-2.844386507536951,-7.940281353943887,40.500407584092116,-40.07049574705883,38.500340796129265,-16.93486122739915,-3.0965148113623586,10.16142362089941,-2.894089567181878,2.6565088485227744,-7.263516461950012,4.0
330,77.05727557017735,15.608759216009567,-6.9272074301940805,-13.277003379140657,36.502334041715095,-52.559091901749525,32.4769551149268,-23.61041486233215,-2.396071906823177,-2.0138270306741237,-10.831891917378133,2.414911013400749,-8.156507817718413,4.0
331,76.13626619817623,15.338912119954925,-4.432702968831769,-21.575218729755285,28.737314281496065,-43.7324243245749,38.5716377108758,-22.901486319148923,-11.909939641915644,-0.5716658212127802,-3.593465707034748,4.207444389140402,-5.562385827784915,4.0
332,75.39936563541232,17.411268198989916,0.9722808590318486,-21.124991226708282,16.648321763269884,-43.90580101527929,33.689239104289584,-15.695284185877004,10.124019952477296,3.6001511288506203,-4.823900844809082,1.0816803288201668,-0.025841712985085342,4.0
333,82.2055844618692,5.274996193262257,-14.999671184477034,-3.8031071398227696,39.333885967876384,-43.0100911752911,42.22647445492531,-10.412398802993192,2.111273292789131,16.499896318930027,-20.28919227312583,15.21709499767492,-6.8840414665024126,4.0
334,78.78496323852069,16.035368715262216,-9.039763151219189,-18.991551184148303,32.277644198259196,-41.36886755554495,39.752647894554904,-13.914048770176667,4.985553326096286,0.5465243128351491,-6.750115260543893,0.10830132521173215,-3.143313183717793,4.0
335,82.4232407809435,11.713058345110193,-7.41322916639971,-13.975603181891225,25.042996295749173,-46.24929285804237,39.31587399591044,-18.978326119182878,-0.24579783572704747,8.362695786324405,-16.862341228075596,12.240460407103066,-8.898342661943111,4.0
336,70.94856234927612,16.999544932569602,4.645570577932604,-10.102691939516443,29.349644226619365,-35.83888826646183,34.24820255183003,-19.770686409124057,-5.62382919075141,-3.5107053437951925,-6.995567317807476,-0.9187746235178221,-0.7831584794584822,4.0
337,83.07128504305949,12.80078523970149,-14.185899491714126,-15.750286084904081,31.195282799671997,-45.889516162218406,33.17629450793235,-16.604879140289576,2.84243104319934,6.786140630341386,-11.529055692543624,7.76742388300223,-3.0933949670194094,4.0
338,73.30618337303021,14.543625331892557,-3.6424832907350844,-9.206440654315728,32.487840586879905,-41.19106067729096,40.744141624483,-8.619833740030634,-0.2850509991170703,6.113232186698683,-10.175096814727134,9.2757851996827,-7.563533601502183,4.0
